Node,AverageAttackRate
0,0.994505
1,0.940031
2,0.950286
3,0.996136
4,0.990873
5,0.971334
6,0.691486
7,0.889278
8,0.897672
9,0.842191
10,0.852595
11,0.982717
12,0.766435
13,0.766863
14,0.866242
15,0.765949
16,0.905888
17,0.904568
18,0.847937
19,0.717279
20,0.776795
21,0.715074
22,0.783902
23,0.691270
24,0.869643
25,0.681555
26,0.718602
27,0.644083
28,0.813907
29,0.819550
30,0.884623
31,0.550441
32,0.620519
33,0.785713
34,0.864567
35,0.641231
36,0.737346
37,0.614837
38,0.696264
39,0.833192
40,0.735911
41,0.688284
42,0.701173
43,0.677243
44,0.640443
45,0.513077
46,0.651107
47,0.634883
48,0.624665
49,0.530912
50,0.483313
51,0.684079
52,0.802348
53,0.822587
54,0.799869
55,0.725618
56,0.519670
57,0.430397
58,0.662317
59,0.735594
60,0.522666
61,0.529825
62,0.681455
63,0.705961
64,0.604142
65,0.695511
66,0.506248
67,0.432913
68,0.585940
69,0.546301
70,0.696863
71,0.516464
72,0.621250
73,0.437925
74,0.531783
75,0.589475
76,0.653608
77,0.548173
78,0.466905
79,0.510471
80,0.571370
81,0.689791
82,0.521051
83,0.550143
84,0.478997
85,0.667241
86,0.587324
87,0.727265
88,0.600715
89,0.531746
90,0.485898
91,0.551745
92,0.472950
93,0.533362
94,0.747996
95,0.484487
96,0.392973
97,0.408298
98,0.580337
99,0.489126
100,0.459344
101,0.481565
102,0.356759
103,0.384857
104,0.457480
105,0.455722
106,0.646650
107,0.594187
108,0.398915
109,0.374488
110,0.484564
111,0.427410
112,0.450336
113,0.472780
114,0.441444
115,0.477117
116,0.430416
117,0.419158
118,0.421439
119,0.539877
120,0.404454
121,0.506214
122,0.388558
123,0.665037
124,0.586003
125,0.503211
126,0.442386
127,0.424599
128,0.524667
129,0.506321
130,0.335610
131,0.459350
132,0.470305
133,0.437568
134,0.415923
135,0.445580
136,0.434375
137,0.288022
138,0.439348
139,0.362130
140,0.513558
141,0.463709
142,0.364964
143,0.503247
144,0.452711
145,0.448161
146,0.520642
147,0.494374
148,0.429039
149,0.491625
150,0.431311
151,0.474274
152,0.392906
153,0.494875
154,0.413825
155,0.393994
156,0.425143
157,0.399576
158,0.366903
159,0.428403
160,0.320954
161,0.471465
162,0.453277
163,0.384437
164,0.391943
165,0.364131
166,0.508079
167,0.377837
168,0.336330
169,0.388159
170,0.468842
171,0.460582
172,0.499913
173,0.352862
174,0.293109
175,0.515348
176,0.381924
177,0.377800
178,0.328341
179,0.394425
180,0.376021
181,0.460769
182,0.426301
183,0.340732
184,0.409251
185,0.352508
186,0.368360
187,0.371594
188,0.451787
189,0.403188
190,0.401269
191,0.460401
192,0.421496
193,0.422160
194,0.474034
195,0.406145
196,0.405540
197,0.339491
198,0.316614
199,0.443622
200,0.564226
201,0.375694
202,0.460364
203,0.389265
204,0.449583
205,0.411347
206,0.417388
207,0.324639
208,0.464916
209,0.353621
210,0.256182
211,0.250737
212,0.320789
213,0.326197
214,0.452873
215,0.367474
216,0.302326
217,0.350685
218,0.388769
219,0.414352
220,0.388079
221,0.298496
222,0.466372
223,0.449878
224,0.466730
225,0.417931
226,0.424721
227,0.393440
228,0.352794
229,0.399260
230,0.398967
231,0.370827
232,0.363469
233,0.335668
234,0.430572
235,0.302380
236,0.426234
237,0.353191
238,0.366356
239,0.282188
240,0.407366
241,0.360242
242,0.408018
243,0.429760
244,0.401016
245,0.375322
246,0.361034
247,0.411189
248,0.480957
249,0.339393
250,0.460027
251,0.419438
252,0.319161
253,0.307309
254,0.329140
255,0.304504
256,0.401999
257,0.394900
258,0.286717
259,0.451622
260,0.380225
261,0.346237
262,0.456694
263,0.449742
264,0.415464
265,0.244883
266,0.284151
267,0.311353
268,0.353984
269,0.390196
270,0.364202
271,0.322112
272,0.397006
273,0.304425
274,0.299302
275,0.365834
276,0.355343
277,0.385687
278,0.321651
279,0.306977
280,0.324582
281,0.370619
282,0.375206
283,0.477840
284,0.311317
285,0.307993
286,0.339818
287,0.338762
288,0.284617
289,0.333727
290,0.352307
291,0.311651
292,0.316168
293,0.307979
294,0.263882
295,0.296679
296,0.268491
297,0.319714
298,0.344960
299,0.339350
300,0.327295
301,0.312376
302,0.411202
303,0.378914
304,0.356554
305,0.270978
306,0.278908
307,0.312717
308,0.335644
309,0.357099
310,0.324066
311,0.388923
312,0.337037
313,0.302033
314,0.330435
315,0.308695
316,0.322077
317,0.337285
318,0.373713
319,0.306166
320,0.324251
321,0.274420
322,0.312618
323,0.242952
324,0.377781
325,0.361854
326,0.344681
327,0.267025
328,0.370846
329,0.301111
330,0.312504
331,0.412088
332,0.308772
333,0.356898
334,0.402579
335,0.207301
336,0.307875
337,0.347942
338,0.290029
339,0.294596
340,0.320207
341,0.340585
342,0.267766
343,0.344130
344,0.262401
345,0.308801
346,0.403525
347,0.238564
348,0.401203
349,0.329457
350,0.275530
351,0.398978
352,0.253892
353,0.397584
354,0.314270
355,0.378984
356,0.409153
357,0.312571
358,0.185034
359,0.257548
360,0.269924
361,0.357907
362,0.372690
363,0.328804
364,0.252892
365,0.313994
366,0.275470
367,0.289979
368,0.308293
369,0.290750
370,0.289452
371,0.286820
372,0.259368
373,0.282741
374,0.356655
375,0.346848
376,0.404954
377,0.370519
378,0.313124
379,0.379554
380,0.362169
381,0.287367
382,0.342059
383,0.279246
384,0.266365
385,0.330969
386,0.213739
387,0.328036
388,0.291527
389,0.262236
390,0.385571
391,0.287444
392,0.293497
393,0.297117
394,0.305025
395,0.298412
396,0.337668
397,0.281834
398,0.362351
399,0.274640
400,0.253663
401,0.238015
402,0.301241
403,0.243032
404,0.284696
405,0.313300
406,0.201842
407,0.333661
408,0.263996
409,0.315758
410,0.356747
411,0.233188
412,0.320920
413,0.389228
414,0.339901
415,0.246394
416,0.326577
417,0.354812
418,0.256662
419,0.353812
420,0.376120
421,0.288040
422,0.234969
423,0.333238
424,0.307949
425,0.303610
426,0.364237
427,0.307082
428,0.255276
429,0.240215
430,0.268546
431,0.298734
432,0.321551
433,0.317495
434,0.308010
435,0.274059
436,0.295388
437,0.259782
438,0.298512
439,0.296653
440,0.252566
441,0.216681
442,0.254673
443,0.308410
444,0.346417
445,0.238097
446,0.330726
447,0.241545
448,0.335489
449,0.255322
450,0.309488
451,0.234211
452,0.307494
453,0.299116
454,0.277668
455,0.208007
456,0.301904
457,0.319276
458,0.242928
459,0.303395
460,0.299358
461,0.299793
462,0.275656
463,0.242967
464,0.371321
465,0.288025
466,0.275872
467,0.309220
468,0.303931
469,0.252304
470,0.296522
471,0.341437
472,0.254197
473,0.257259
474,0.196673
475,0.217673
476,0.310983
477,0.285165
478,0.271997
479,0.263258
480,0.174223
481,0.312005
482,0.366280
483,0.253642
484,0.306776
485,0.375770
486,0.299524
487,0.266823
488,0.268529
489,0.306376
490,0.269184
491,0.278019
492,0.280024
493,0.347494
494,0.205792
495,0.253846
496,0.276868
497,0.325559
498,0.365453
499,0.291828
500,0.281244
501,0.255581
502,0.243527
503,0.357394
504,0.298278
505,0.291973
506,0.305503
507,0.211937
508,0.267444
509,0.353776
510,0.280543
511,0.314262
512,0.291836
513,0.286313
514,0.275609
515,0.252870
516,0.316463
517,0.288425
518,0.256647
519,0.195846
520,0.275860
521,0.221726
522,0.276862
523,0.210056
524,0.272635
525,0.238236
526,0.205958
527,0.272573
528,0.347072
529,0.286338
530,0.288537
531,0.188936
532,0.236574
533,0.293253
534,0.288163
535,0.292332
536,0.333768
537,0.155877
538,0.281972
539,0.325405
540,0.313984
541,0.319791
542,0.355771
543,0.198533
544,0.293238
545,0.250995
546,0.297565
547,0.285934
548,0.182764
549,0.248268
550,0.271739
551,0.243996
552,0.299722
553,0.334597
554,0.274418
555,0.257592
556,0.273321
557,0.329432
558,0.192309
559,0.280444
560,0.320152
561,0.195343
562,0.304174
563,0.307527
564,0.184253
565,0.205168
566,0.306715
567,0.273011
568,0.267663
569,0.193598
570,0.301739
571,0.338116
572,0.219532
573,0.202676
574,0.237703
575,0.262217
576,0.256319
577,0.220336
578,0.214121
579,0.282552
580,0.190010
581,0.194156
582,0.253848
583,0.278572
584,0.197588
585,0.218538
586,0.253150
587,0.391759
588,0.298960
589,0.277123
590,0.237738
591,0.230594
592,0.254083
593,0.249553
594,0.274388
595,0.231185
596,0.189887
597,0.297609
598,0.270341
599,0.307498
600,0.243657
601,0.299061
602,0.242861
603,0.270745
604,0.220136
605,0.207383
606,0.244944
607,0.195734
608,0.287375
609,0.265985
610,0.208039
611,0.290340
612,0.278612
613,0.255694
614,0.197105
615,0.179341
616,0.240901
617,0.232287
618,0.245287
619,0.307693
620,0.203157
621,0.243634
622,0.276536
623,0.260857
624,0.265222
625,0.338731
626,0.247937
627,0.276728
628,0.309008
629,0.305826
630,0.388066
631,0.285696
632,0.272659
633,0.214589
634,0.274886
635,0.244980
636,0.327284
637,0.231766
638,0.277265
639,0.162610
640,0.211457
641,0.192018
642,0.191608
643,0.231821
644,0.198380
645,0.289396
646,0.280774
647,0.263067
648,0.222329
649,0.237578
650,0.213425
651,0.296762
652,0.255578
653,0.217239
654,0.318503
655,0.221508
656,0.260728
657,0.256078
658,0.236142
659,0.261652
660,0.212878
661,0.295122
662,0.266264
663,0.275634
664,0.351331
665,0.232794
666,0.259418
667,0.213360
668,0.232336
669,0.176996
670,0.213062
671,0.228923
672,0.200941
673,0.272330
674,0.339075
675,0.287119
676,0.188460
677,0.200637
678,0.284609
679,0.188123
680,0.313583
681,0.276911
682,0.183385
683,0.242976
684,0.195169
685,0.251977
686,0.296741
687,0.308000
688,0.187882
689,0.248517
690,0.254304
691,0.269451
692,0.238573
693,0.246721
694,0.217952
695,0.250960
696,0.184731
697,0.266148
698,0.287317
699,0.229004
700,0.195911
701,0.258343
702,0.260476
703,0.203234
704,0.286031
705,0.396813
706,0.293576
707,0.236500
708,0.190994
709,0.295699
710,0.246829
711,0.199163
712,0.286041
713,0.219513
714,0.260532
715,0.218678
716,0.313944
717,0.207603
718,0.191729
719,0.211980
720,0.207360
721,0.297099
722,0.228559
723,0.187261
724,0.203789
725,0.254278
726,0.283979
727,0.216097
728,0.155352
729,0.240109
730,0.213471
731,0.292649
732,0.306954
733,0.256353
734,0.202247
735,0.215474
736,0.136335
737,0.240953
738,0.283541
739,0.185923
740,0.186185
741,0.216997
742,0.178769
743,0.233399
744,0.232765
745,0.300814
746,0.229240
747,0.251204
748,0.151506
749,0.313686
750,0.286091
751,0.268667
752,0.268071
753,0.303453
754,0.348999
755,0.275812
756,0.251425
757,0.246550
758,0.254593
759,0.227337
760,0.251753
761,0.232255
762,0.288298
763,0.237608
764,0.259723
765,0.228811
766,0.169734
767,0.228266
768,0.264573
769,0.255068
770,0.200291
771,0.206617
772,0.279362
773,0.244876
774,0.256680
775,0.167256
776,0.303869
777,0.226685
778,0.219712
779,0.281597
780,0.179194
781,0.264019
782,0.178450
783,0.222697
784,0.254507
785,0.264452
786,0.169281
787,0.227584
788,0.161718
789,0.212671
790,0.209125
791,0.190424
792,0.283736
793,0.303885
794,0.263884
795,0.179652
796,0.242138
797,0.342491
798,0.218213
799,0.186276
800,0.227662
801,0.222000
802,0.257439
803,0.273005
804,0.187611
805,0.248409
806,0.238542
807,0.246630
808,0.263526
809,0.186381
810,0.194903
811,0.315429
812,0.256646
813,0.219669
814,0.222039
815,0.300345
816,0.218832
817,0.295128
818,0.220875
819,0.219227
820,0.243472
821,0.301694
822,0.237515
823,0.203175
824,0.300244
825,0.208050
826,0.210044
827,0.225337
828,0.220541
829,0.247073
830,0.200274
831,0.251565
832,0.221638
833,0.297208
834,0.222915
835,0.233558
836,0.279204
837,0.148462
838,0.214232
839,0.201295
840,0.343063
841,0.245281
842,0.242749
843,0.208492
844,0.206056
845,0.274528
846,0.247336
847,0.257374
848,0.268790
849,0.189057
850,0.288654
851,0.243926
852,0.172346
853,0.159047
854,0.198336
855,0.245053
856,0.242066
857,0.265724
858,0.155864
859,0.257719
860,0.238927
861,0.184659
862,0.224329
863,0.272468
864,0.170520
865,0.156355
866,0.178777
867,0.169930
868,0.266544
869,0.278483
870,0.183583
871,0.287749
872,0.170767
873,0.185961
874,0.210090
875,0.314519
876,0.220831
877,0.267568
878,0.257572
879,0.235322
880,0.200140
881,0.259063
882,0.168062
883,0.192584
884,0.256268
885,0.175628
886,0.243875
887,0.156679
888,0.224360
889,0.185405
890,0.205009
891,0.255820
892,0.210403
893,0.245021
894,0.275367
895,0.235498
896,0.270641
897,0.225576
898,0.228364
899,0.177860
900,0.128917
901,0.346195
902,0.302036
903,0.183461
904,0.300744
905,0.210609
906,0.219651
907,0.143423
908,0.245439
909,0.163004
910,0.215972
911,0.292171
912,0.193922
913,0.302337
914,0.249250
915,0.174158
916,0.178133
917,0.234930
918,0.326526
919,0.208911
920,0.277777
921,0.273701
922,0.279247
923,0.230388
924,0.162459
925,0.228581
926,0.295099
927,0.140263
928,0.209245
929,0.196125
930,0.190954
931,0.252815
932,0.278403
933,0.267608
934,0.159632
935,0.177853
936,0.236339
937,0.180126
938,0.182194
939,0.237989
940,0.230312
941,0.196104
942,0.169454
943,0.202958
944,0.257486
945,0.261316
946,0.152778
947,0.252578
948,0.205560
949,0.196778
950,0.203420
951,0.179427
952,0.253191
953,0.280567
954,0.269228
955,0.286170
956,0.232885
957,0.211768
958,0.240884
959,0.176717
960,0.291385
961,0.250334
962,0.181236
963,0.172186
964,0.249123
965,0.271674
966,0.171547
967,0.215871
968,0.206175
969,0.215648
970,0.215412
971,0.224788
972,0.230147
973,0.196243
974,0.234074
975,0.211080
976,0.176058
977,0.278523
978,0.179593
979,0.192965
980,0.220677
981,0.222183
982,0.250966
983,0.210314
984,0.242394
985,0.218076
986,0.245730
987,0.196680
988,0.234625
989,0.123527
990,0.186409
991,0.269409
992,0.193665
993,0.184563
994,0.303817
995,0.180435
996,0.219656
997,0.266932
998,0.222600
999,0.306102
