Node,AverageAttackRate,Rank
3,0.996136,1
0,0.994505,2
4,0.990873,3
11,0.982717,4
5,0.971334,5
2,0.950286,6
1,0.940031,7
16,0.905888,8
17,0.904568,9
8,0.897672,10
7,0.889278,11
30,0.884623,12
24,0.869643,13
14,0.866242,14
34,0.864567,15
10,0.852595,16
18,0.847937,17
9,0.842191,18
39,0.833192,19
53,0.822587,20
29,0.819550,21
28,0.813907,22
52,0.802348,23
54,0.799869,24
33,0.785713,25
22,0.783902,26
20,0.776795,27
13,0.766863,28
12,0.766435,29
15,0.765949,30
94,0.747996,31
36,0.737346,32
40,0.735911,33
59,0.735594,34
87,0.727265,35
55,0.725618,36
26,0.718602,37
19,0.717279,38
21,0.715074,39
63,0.705961,40
42,0.701173,41
70,0.696863,42
38,0.696264,43
65,0.695511,44
6,0.691486,45
23,0.691270,46
81,0.689791,47
41,0.688284,48
51,0.684079,49
25,0.681555,50
62,0.681455,51
43,0.677243,52
85,0.667241,53
123,0.665037,54
58,0.662317,55
76,0.653608,56
46,0.651107,57
106,0.646650,58
27,0.644083,59
35,0.641231,60
44,0.640443,61
47,0.634883,62
48,0.624665,63
72,0.621250,64
32,0.620519,65
37,0.614837,66
64,0.604142,67
88,0.600715,68
107,0.594187,69
75,0.589475,70
86,0.587324,71
124,0.586003,72
68,0.585940,73
98,0.580337,74
80,0.571370,75
200,0.564226,76
91,0.551745,77
31,0.550441,78
83,0.550143,79
77,0.548173,80
69,0.546301,81
119,0.539877,82
93,0.533362,83
74,0.531783,84
89,0.531746,85
49,0.530912,86
61,0.529825,87
128,0.524667,88
60,0.522666,89
82,0.521051,90
146,0.520642,91
56,0.519670,92
71,0.516464,93
175,0.515348,94
140,0.513558,95
45,0.513077,96
79,0.510471,97
166,0.508079,98
129,0.506321,99
66,0.506248,100
121,0.506214,101
143,0.503247,102
125,0.503211,103
172,0.499913,104
153,0.494875,105
147,0.494374,106
149,0.491625,107
99,0.489126,108
90,0.485898,109
110,0.484564,110
95,0.484487,111
50,0.483313,112
101,0.481565,113
248,0.480957,114
84,0.478997,115
283,0.477840,116
115,0.477117,117
151,0.474274,118
194,0.474034,119
92,0.472950,120
113,0.472780,121
161,0.471465,122
132,0.470305,123
170,0.468842,124
78,0.466905,125
224,0.466730,126
222,0.466372,127
208,0.464916,128
141,0.463709,129
181,0.460769,130
171,0.460582,131
191,0.460401,132
202,0.460364,133
250,0.460027,134
131,0.459350,135
100,0.459344,136
104,0.457480,137
262,0.456694,138
105,0.455722,139
162,0.453277,140
214,0.452873,141
144,0.452711,142
188,0.451787,143
259,0.451622,144
112,0.450336,145
223,0.449878,146
263,0.449742,147
204,0.449583,148
145,0.448161,149
135,0.445580,150
199,0.443622,151
126,0.442386,152
114,0.441444,153
138,0.439348,154
73,0.437925,155
133,0.437568,156
136,0.434375,157
67,0.432913,158
150,0.431311,159
234,0.430572,160
116,0.430416,161
57,0.430397,162
243,0.429760,163
148,0.429039,164
159,0.428403,165
111,0.427410,166
182,0.426301,167
236,0.426234,168
156,0.425143,169
226,0.424721,170
127,0.424599,171
193,0.422160,172
192,0.421496,173
118,0.421439,174
251,0.419438,175
117,0.419158,176
225,0.417931,177
206,0.417388,178
134,0.415923,179
264,0.415464,180
219,0.414352,181
154,0.413825,182
331,0.412088,183
205,0.411347,184
302,0.411202,185
247,0.411189,186
184,0.409251,187
356,0.409153,188
97,0.408298,189
242,0.408018,190
240,0.407366,191
195,0.406145,192
196,0.405540,193
376,0.404954,194
120,0.404454,195
346,0.403525,196
189,0.403188,197
334,0.402579,198
256,0.401999,199
190,0.401269,200
348,0.401203,201
244,0.401016,202
157,0.399576,203
229,0.399260,204
351,0.398978,205
230,0.398967,206
108,0.398915,207
353,0.397584,208
272,0.397006,209
705,0.396813,210
257,0.394900,211
179,0.394425,212
155,0.393994,213
227,0.393440,214
96,0.392973,215
152,0.392906,216
164,0.391943,217
587,0.391759,218
269,0.390196,219
203,0.389265,220
413,0.389228,221
311,0.388923,222
218,0.388769,223
122,0.388558,224
169,0.388159,225
220,0.388079,226
630,0.388066,227
277,0.385687,228
390,0.385571,229
103,0.384857,230
163,0.384437,231
176,0.381924,232
260,0.380225,233
379,0.379554,234
355,0.378984,235
303,0.378914,236
167,0.377837,237
177,0.377800,238
324,0.377781,239
420,0.376120,240
180,0.376021,241
485,0.375770,242
201,0.375694,243
245,0.375322,244
282,0.375206,245
109,0.374488,246
318,0.373713,247
362,0.372690,248
187,0.371594,249
464,0.371321,250
328,0.370846,251
231,0.370827,252
281,0.370619,253
377,0.370519,254
186,0.368360,255
215,0.367474,256
158,0.366903,257
238,0.366356,258
482,0.366280,259
275,0.365834,260
498,0.365453,261
142,0.364964,262
426,0.364237,263
270,0.364202,264
165,0.364131,265
232,0.363469,266
398,0.362351,267
380,0.362169,268
139,0.362130,269
325,0.361854,270
246,0.361034,271
241,0.360242,272
361,0.357907,273
503,0.357394,274
309,0.357099,275
333,0.356898,276
102,0.356759,277
410,0.356747,278
374,0.356655,279
304,0.356554,280
542,0.355771,281
276,0.355343,282
417,0.354812,283
268,0.353984,284
419,0.353812,285
509,0.353776,286
209,0.353621,287
237,0.353191,288
173,0.352862,289
228,0.352794,290
185,0.352508,291
290,0.352307,292
664,0.351331,293
217,0.350685,294
754,0.348999,295
337,0.347942,296
493,0.347494,297
528,0.347072,298
375,0.346848,299
444,0.346417,300
261,0.346237,301
901,0.346195,302
298,0.344960,303
326,0.344681,304
343,0.344130,305
840,0.343063,306
797,0.342491,307
382,0.342059,308
471,0.341437,309
183,0.340732,310
341,0.340585,311
414,0.339901,312
286,0.339818,313
197,0.339491,314
249,0.339393,315
299,0.339350,316
674,0.339075,317
287,0.338762,318
625,0.338731,319
571,0.338116,320
396,0.337668,321
317,0.337285,322
312,0.337037,323
168,0.336330,324
233,0.335668,325
308,0.335644,326
130,0.335610,327
448,0.335489,328
553,0.334597,329
536,0.333768,330
289,0.333727,331
407,0.333661,332
423,0.333238,333
385,0.330969,334
446,0.330726,335
314,0.330435,336
349,0.329457,337
557,0.329432,338
254,0.329140,339
363,0.328804,340
178,0.328341,341
387,0.328036,342
300,0.327295,343
636,0.327284,344
416,0.326577,345
918,0.326526,346
213,0.326197,347
497,0.325559,348
539,0.325405,349
207,0.324639,350
280,0.324582,351
320,0.324251,352
310,0.324066,353
271,0.322112,354
316,0.322077,355
278,0.321651,356
432,0.321551,357
160,0.320954,358
412,0.320920,359
212,0.320789,360
340,0.320207,361
560,0.320152,362
541,0.319791,363
297,0.319714,364
457,0.319276,365
252,0.319161,366
654,0.318503,367
433,0.317495,368
198,0.316614,369
516,0.316463,370
292,0.316168,371
409,0.315758,372
811,0.315429,373
875,0.314519,374
354,0.314270,375
511,0.314262,376
365,0.313994,377
540,0.313984,378
716,0.313944,379
749,0.313686,380
680,0.313583,381
405,0.313300,382
378,0.313124,383
307,0.312717,384
322,0.312618,385
357,0.312571,386
330,0.312504,387
301,0.312376,388
481,0.312005,389
291,0.311651,390
267,0.311353,391
284,0.311317,392
476,0.310983,393
450,0.309488,394
467,0.309220,395
628,0.309008,396
345,0.308801,397
332,0.308772,398
315,0.308695,399
443,0.308410,400
368,0.308293,401
434,0.308010,402
687,0.308000,403
285,0.307993,404
293,0.307979,405
424,0.307949,406
336,0.307875,407
619,0.307693,408
563,0.307527,409
599,0.307498,410
452,0.307494,411
253,0.307309,412
427,0.307082,413
279,0.306977,414
732,0.306954,415
484,0.306776,416
566,0.306715,417
489,0.306376,418
319,0.306166,419
999,0.306102,420
629,0.305826,421
506,0.305503,422
394,0.305025,423
255,0.304504,424
273,0.304425,425
562,0.304174,426
468,0.303931,427
793,0.303885,428
776,0.303869,429
994,0.303817,430
425,0.303610,431
753,0.303453,432
459,0.303395,433
235,0.302380,434
913,0.302337,435
216,0.302326,436
902,0.302036,437
313,0.302033,438
456,0.301904,439
570,0.301739,440
821,0.301694,441
402,0.301241,442
329,0.301111,443
745,0.300814,444
904,0.300744,445
815,0.300345,446
824,0.300244,447
461,0.299793,448
552,0.299722,449
486,0.299524,450
460,0.299358,451
274,0.299302,452
453,0.299116,453
601,0.299061,454
588,0.298960,455
431,0.298734,456
438,0.298512,457
221,0.298496,458
395,0.298412,459
504,0.298278,460
597,0.297609,461
546,0.297565,462
833,0.297208,463
393,0.297117,464
721,0.297099,465
651,0.296762,466
686,0.296741,467
295,0.296679,468
439,0.296653,469
470,0.296522,470
709,0.295699,471
436,0.295388,472
817,0.295128,473
661,0.295122,474
926,0.295099,475
339,0.294596,476
706,0.293576,477
392,0.293497,478
533,0.293253,479
544,0.293238,480
174,0.293109,481
731,0.292649,482
535,0.292332,483
911,0.292171,484
505,0.291973,485
512,0.291836,486
499,0.291828,487
388,0.291527,488
960,0.291385,489
369,0.290750,490
611,0.290340,491
338,0.290029,492
367,0.289979,493
370,0.289452,494
645,0.289396,495
850,0.288654,496
530,0.288537,497
517,0.288425,498
762,0.288298,499
534,0.288163,500
421,0.288040,501
465,0.288025,502
137,0.288022,503
871,0.287749,504
391,0.287444,505
608,0.287375,506
381,0.287367,507
698,0.287317,508
675,0.287119,509
371,0.286820,510
258,0.286717,511
529,0.286338,512
513,0.286313,513
955,0.286170,514
750,0.286091,515
712,0.286041,516
704,0.286031,517
547,0.285934,518
631,0.285696,519
477,0.285165,520
404,0.284696,521
288,0.284617,522
678,0.284609,523
266,0.284151,524
726,0.283979,525
792,0.283736,526
738,0.283541,527
373,0.282741,528
579,0.282552,529
239,0.282188,530
538,0.281972,531
397,0.281834,532
779,0.281597,533
500,0.281244,534
646,0.280774,535
953,0.280567,536
510,0.280543,537
559,0.280444,538
492,0.280024,539
772,0.279362,540
922,0.279247,541
383,0.279246,542
836,0.279204,543
306,0.278908,544
612,0.278612,545
583,0.278572,546
977,0.278523,547
869,0.278483,548
932,0.278403,549
491,0.278019,550
920,0.277777,551
454,0.277668,552
638,0.277265,553
589,0.277123,554
681,0.276911,555
496,0.276868,556
522,0.276862,557
627,0.276728,558
622,0.276536,559
466,0.275872,560
520,0.275860,561
755,0.275812,562
462,0.275656,563
663,0.275634,564
514,0.275609,565
350,0.275530,566
366,0.275470,567
894,0.275367,568
634,0.274886,569
399,0.274640,570
845,0.274528,571
321,0.274420,572
554,0.274418,573
594,0.274388,574
435,0.274059,575
921,0.273701,576
556,0.273321,577
567,0.273011,578
803,0.273005,579
632,0.272659,580
524,0.272635,581
527,0.272573,582
863,0.272468,583
673,0.272330,584
478,0.271997,585
550,0.271739,586
965,0.271674,587
305,0.270978,588
603,0.270745,589
896,0.270641,590
598,0.270341,591
360,0.269924,592
691,0.269451,593
991,0.269409,594
954,0.269228,595
490,0.269184,596
848,0.268790,597
751,0.268667,598
430,0.268546,599
488,0.268529,600
296,0.268491,601
752,0.268071,602
342,0.267766,603
568,0.267663,604
933,0.267608,605
877,0.267568,606
508,0.267444,607
327,0.267025,608
997,0.266932,609
487,0.266823,610
868,0.266544,611
384,0.266365,612
662,0.266264,613
697,0.266148,614
609,0.265985,615
857,0.265724,616
624,0.265222,617
768,0.264573,618
785,0.264452,619
781,0.264019,620
408,0.263996,621
794,0.263884,622
294,0.263882,623
808,0.263526,624
479,0.263258,625
647,0.263067,626
344,0.262401,627
389,0.262236,628
575,0.262217,629
659,0.261652,630
945,0.261316,631
623,0.260857,632
656,0.260728,633
714,0.260532,634
702,0.260476,635
437,0.259782,636
764,0.259723,637
666,0.259418,638
372,0.259368,639
881,0.259063,640
701,0.258343,641
859,0.257719,642
555,0.257592,643
878,0.257572,644
359,0.257548,645
944,0.257486,646
802,0.257439,647
847,0.257374,648
473,0.257259,649
774,0.256680,650
418,0.256662,651
518,0.256647,652
812,0.256646,653
733,0.256353,654
576,0.256319,655
884,0.256268,656
210,0.256182,657
657,0.256078,658
891,0.255820,659
613,0.255694,660
501,0.255581,661
652,0.255578,662
449,0.255322,663
428,0.255276,664
769,0.255068,665
442,0.254673,666
758,0.254593,667
784,0.254507,668
690,0.254304,669
725,0.254278,670
472,0.254197,671
592,0.254083,672
352,0.253892,673
582,0.253848,674
495,0.253846,675
400,0.253663,676
483,0.253642,677
952,0.253191,678
586,0.253150,679
364,0.252892,680
515,0.252870,681
931,0.252815,682
947,0.252578,683
440,0.252566,684
469,0.252304,685
685,0.251977,686
760,0.251753,687
831,0.251565,688
756,0.251425,689
747,0.251204,690
545,0.250995,691
982,0.250966,692
695,0.250960,693
211,0.250737,694
961,0.250334,695
593,0.249553,696
914,0.249250,697
964,0.249123,698
689,0.248517,699
805,0.248409,700
549,0.248268,701
626,0.247937,702
846,0.247336,703
829,0.247073,704
710,0.246829,705
693,0.246721,706
807,0.246630,707
757,0.246550,708
415,0.246394,709
986,0.245730,710
908,0.245439,711
618,0.245287,712
841,0.245281,713
855,0.245053,714
893,0.245021,715
635,0.244980,716
606,0.244944,717
265,0.244883,718
773,0.244876,719
551,0.243996,720
851,0.243926,721
886,0.243875,722
600,0.243657,723
621,0.243634,724
502,0.243527,725
820,0.243472,726
403,0.243032,727
683,0.242976,728
463,0.242967,729
323,0.242952,730
458,0.242928,731
602,0.242861,732
842,0.242749,733
984,0.242394,734
796,0.242138,735
856,0.242066,736
447,0.241545,737
737,0.240953,738
616,0.240901,739
958,0.240884,740
429,0.240215,741
729,0.240109,742
860,0.238927,743
692,0.238573,744
347,0.238564,745
806,0.238542,746
525,0.238236,747
445,0.238097,748
401,0.238015,749
939,0.237989,750
590,0.237738,751
574,0.237703,752
763,0.237608,753
649,0.237578,754
822,0.237515,755
532,0.236574,756
707,0.236500,757
936,0.236339,758
658,0.236142,759
895,0.235498,760
879,0.235322,761
422,0.234969,762
917,0.234930,763
988,0.234625,764
451,0.234211,765
974,0.234074,766
835,0.233558,767
743,0.233399,768
411,0.233188,769
956,0.232885,770
665,0.232794,771
744,0.232765,772
668,0.232336,773
617,0.232287,774
761,0.232255,775
643,0.231821,776
637,0.231766,777
595,0.231185,778
591,0.230594,779
923,0.230388,780
940,0.230312,781
972,0.230147,782
746,0.229240,783
699,0.229004,784
671,0.228923,785
765,0.228811,786
925,0.228581,787
722,0.228559,788
898,0.228364,789
767,0.228266,790
800,0.227662,791
787,0.227584,792
759,0.227337,793
777,0.226685,794
897,0.225576,795
827,0.225337,796
971,0.224788,797
888,0.224360,798
862,0.224329,799
834,0.222915,800
783,0.222697,801
998,0.222600,802
648,0.222329,803
981,0.222183,804
814,0.222039,805
801,0.222000,806
521,0.221726,807
832,0.221638,808
655,0.221508,809
818,0.220875,810
876,0.220831,811
980,0.220677,812
828,0.220541,813
577,0.220336,814
604,0.220136,815
778,0.219712,816
813,0.219669,817
996,0.219656,818
906,0.219651,819
572,0.219532,820
713,0.219513,821
819,0.219227,822
816,0.218832,823
715,0.218678,824
585,0.218538,825
798,0.218213,826
985,0.218076,827
694,0.217952,828
475,0.217673,829
653,0.217239,830
741,0.216997,831
441,0.216681,832
727,0.216097,833
910,0.215972,834
967,0.215871,835
969,0.215648,836
735,0.215474,837
970,0.215412,838
633,0.214589,839
838,0.214232,840
578,0.214121,841
386,0.213739,842
730,0.213471,843
650,0.213425,844
667,0.213360,845
670,0.213062,846
660,0.212878,847
789,0.212671,848
719,0.211980,849
507,0.211937,850
957,0.211768,851
640,0.211457,852
975,0.211080,853
905,0.210609,854
892,0.210403,855
983,0.210314,856
874,0.210090,857
523,0.210056,858
826,0.210044,859
928,0.209245,860
790,0.209125,861
919,0.208911,862
843,0.208492,863
825,0.208050,864
610,0.208039,865
455,0.208007,866
717,0.207603,867
605,0.207383,868
720,0.207360,869
335,0.207301,870
771,0.206617,871
968,0.206175,872
844,0.206056,873
526,0.205958,874
494,0.205792,875
948,0.205560,876
565,0.205168,877
890,0.205009,878
724,0.203789,879
950,0.203420,880
703,0.203234,881
823,0.203175,882
620,0.203157,883
943,0.202958,884
573,0.202676,885
734,0.202247,886
406,0.201842,887
839,0.201295,888
672,0.200941,889
677,0.200637,890
770,0.200291,891
830,0.200274,892
880,0.200140,893
711,0.199163,894
543,0.198533,895
644,0.198380,896
854,0.198336,897
584,0.197588,898
614,0.197105,899
949,0.196778,900
987,0.196680,901
474,0.196673,902
973,0.196243,903
929,0.196125,904
941,0.196104,905
700,0.195911,906
519,0.195846,907
607,0.195734,908
561,0.195343,909
684,0.195169,910
810,0.194903,911
581,0.194156,912
912,0.193922,913
992,0.193665,914
569,0.193598,915
979,0.192965,916
883,0.192584,917
558,0.192309,918
641,0.192018,919
718,0.191729,920
642,0.191608,921
708,0.190994,922
930,0.190954,923
791,0.190424,924
580,0.190010,925
596,0.189887,926
849,0.189057,927
531,0.188936,928
676,0.188460,929
679,0.188123,930
688,0.187882,931
804,0.187611,932
723,0.187261,933
990,0.186409,934
809,0.186381,935
799,0.186276,936
740,0.186185,937
873,0.185961,938
739,0.185923,939
889,0.185405,940
358,0.185034,941
696,0.184731,942
861,0.184659,943
993,0.184563,944
564,0.184253,945
870,0.183583,946
903,0.183461,947
682,0.183385,948
548,0.182764,949
938,0.182194,950
962,0.181236,951
995,0.180435,952
937,0.180126,953
795,0.179652,954
978,0.179593,955
951,0.179427,956
615,0.179341,957
780,0.179194,958
866,0.178777,959
742,0.178769,960
782,0.178450,961
916,0.178133,962
899,0.177860,963
935,0.177853,964
669,0.176996,965
959,0.176717,966
976,0.176058,967
885,0.175628,968
480,0.174223,969
915,0.174158,970
852,0.172346,971
963,0.172186,972
966,0.171547,973
872,0.170767,974
864,0.170520,975
867,0.169930,976
766,0.169734,977
942,0.169454,978
786,0.169281,979
882,0.168062,980
775,0.167256,981
909,0.163004,982
639,0.162610,983
924,0.162459,984
788,0.161718,985
934,0.159632,986
853,0.159047,987
887,0.156679,988
865,0.156355,989
537,0.155877,990
858,0.155864,991
728,0.155352,992
946,0.152778,993
748,0.151506,994
837,0.148462,995
907,0.143423,996
927,0.140263,997
736,0.136335,998
900,0.128917,999
989,0.123527,1000
